id,name,country_id,tax_payable_account_id,tax_receivable_account_id
cr_tax_group_tarifa_reducida_1,Tarifa reducida 1%,base.cr,cr_coa_2020101,cr_coa_1071101
cr_tax_group_tarifa_reducida_2,Tarifa reducida 2%,base.cr,cr_coa_2020101,cr_coa_1071101
cr_tax_group_tarifa_reducida_4,Tarifa reducida 4%,base.cr,cr_coa_2020101,cr_coa_1071101
cr_tax_group_tarifa_reducida_8,Tarifa reducida 8%,base.cr,cr_coa_2020101,cr_coa_1071101
cr_tax_group_tarifa_general_13,Tarifa general 13%,base.cr,cr_coa_2020101,cr_coa_1071101
cr_tax_group_exentos,Exentos,base.cr,cr_coa_2020101,cr_coa_1071101
cr_tax_group_no_sujetos,No sujetos,base.cr,cr_coa_2020101,cr_coa_1071101
cr_tax_group_exonerados,Exonerados,base.cr,cr_coa_2020101,cr_coa_1071101
cr_tax_group_gasto_corriente_sin_derecho_a_credito,Gasto corriente (sin derecho a credito),base.cr,cr_coa_2020101,cr_coa_1071101
cr_tax_group_bienes_de_capital,Bienes de capital,base.cr,cr_coa_2020101,cr_coa_1071101
cr_tax_group_otros,Otros,base.cr,cr_coa_2020101,cr_coa_1071101
